no;lfp;k5;k618;age;wc;hc;lwg;inc;linc
1;0;0;3;39;0;0;0.853212476;28.36300087;3.345085621
2;0;0;0;60;0;0;1.224973559;24.98399925;3.218235493
3;0;0;0;43;0;0;0.888140082;9.951999664;2.2977736
4;0;2;3;31;0;0;1.158040166;10;2.302585125
5;0;0;2;40;1;1;1.082863808;28.20000076;3.33932209
6;0;0;2;36;0;0;0.889501512;5.329999924;1.673351169
7;0;1;2;32;0;0;0.606345594;6.800000191;1.916922688
8;0;2;6;39;0;0;0.977382362;7.840000153;2.059238911
9;0;0;3;42;0;0;0.999105692;26;3.258096457
10;0;0;1;53;0;0;1.144733548;23.4260006;3.153846502
11;0;0;1;48;0;1;0.933003545;21.62000084;3.073618889
12;0;0;1;44;0;0;0.976409853;40.5;3.701302052
13;0;1;1;31;0;1;1.124639273;4;1.386294365
14;0;0;0;48;0;0;0.902274311;31.1060009;3.437400818
15;0;1;2;31;1;1;1.253337741;45.25;3.812202692
16;0;0;0;43;0;0;0.942518413;11.89500046;2.476118088
17;0;0;0;51;0;0;1.271239877;8.116999626;2.093960524
18;0;1;1;31;0;1;1.011256576;14;2.639057398
19;0;0;2;43;1;1;1.081466913;28.06900024;3.334665775
20;0;0;0;31;0;1;1.117239356;18;2.890371799
21;0;0;1;53;0;0;1.316978216;17.50499916;2.862486601
22;0;2;0;30;0;1;1.044314742;12.10000038;2.493205547
23;0;0;1;41;0;1;1.122694373;63.5;4.151040077
24;0;1;1;30;1;1;1.06652391;26.04000092;3.25963378
25;0;0;2;45;0;0;1.068403125;88;4.477336884
26;0;0;3;41;0;1;1.069181204;77;4.343805313
27;0;0;0;58;1;1;1.142410517;22.20000076;3.100092411
28;0;0;0;59;0;0;0.802464247;22.42200089;3.110042572
29;0;0;2;49;0;0;0.24419646;6.531000137;1.876560092
30;0;0;2;41;0;0;1.21862793;12.39999962;2.517696381
31;0;0;1;48;1;1;1.490523458;28.89999962;3.363841534
32;0;1;3;32;0;1;0.944836378;47.5;3.860729694
33;0;0;3;38;0;1;1.009895205;21.94300079;3.088448286
34;0;0;7;34;0;0;0.70135206;7.231999874;1.978515625
35;0;0;0;48;0;0;0.312943637;14.39999962;2.667228222
36;0;0;3;40;0;0;0.870698512;19;2.944438934
37;0;0;3;47;1;1;1.219496608;19;2.944438934
38;0;0;0;47;0;0;0.827522099;12.64599991;2.537340879
39;0;3;0;31;1;1;1.295966148;51.20000076;3.935739517
40;0;0;1;54;0;1;0.774744093;16.14999962;2.781919956
41;0;0;3;47;0;0;0.851865649;28.20000076;3.33932209
42;0;0;0;51;0;0;1.027063131;7.607999802;2.029200315
43;0;1;1;30;0;1;0.909728944;24.35000038;3.192531824
44;0;1;3;35;0;0;0.792732775;6;1.791759491
45;0;0;2;32;0;1;0.944836378;22.99500084;3.135276794
46;0;0;1;42;1;1;1.214075089;24.1060009;3.182460785
47;0;0;0;56;0;0;0.788648427;10.55000019;2.356125832
48;0;1;1;31;0;0;0.647378623;7.71999979;2.043814421
49;0;1;1;34;0;0;1.069797516;30.29999924;3.411147594
50;0;0;0;53;0;0;1.251342416;9.56000042;2.257587671
51;0;1;1;43;1;1;1.279398918;27.85000038;3.32683301
52;0;0;1;51;0;0;1.005331159;10.8760004;2.386558533
53;0;0;1;51;0;0;1.007366776;21.01399994;3.045188904
54;0;0;0;54;0;0;1.120165944;35;3.555348158
55;0;1;3;47;1;1;1.755881667;19.72999954;2.982140303
56;0;0;2;43;0;0;1.228279948;14.55000019;2.677591085
57;0;0;1;48;1;1;1.52631855;22.29999924;3.104586601
58;0;1;3;33;0;1;0.793121755;15;2.708050251
59;0;0;2;43;0;1;1.122305393;29.79999924;3.394508362
60;0;0;1;32;1;1;1.150607705;22;3.091042519
61;0;0;0;42;0;0;0.553281665;10;2.302585125
62;0;0;0;55;1;0;1.646665454;13;2.564949274
63;0;1;2;41;0;1;1.228668928;16.51000023;2.803966284
64;0;0;2;42;0;0;0.535810292;15.82499981;2.761590958
65;0;1;1;48;0;0;0.458883226;14.06000042;2.643333912
66;0;0;0;49;0;0;0.790009856;15;2.708050251
67;0;0;0;54;1;1;1.269254208;20;2.995732307
68;0;1;2;36;0;0;0.889501512;17.63999939;2.870168924
69;0;0;0;51;0;0;1.007366776;21.89999962;3.086486578
70;0;0;2;31;0;0;0.779217422;12.91600037;2.558466911
71;0;0;2;41;1;1;1.254533172;51;3.931825638
72;0;1;3;37;0;1;0.806444526;17.40999985;2.857044697
73;0;0;4;42;0;0;0.554095089;7.5;2.014903069
74;0;0;0;50;1;1;1.731245995;63.20000076;4.146304131
75;0;0;1;37;0;0;1.015402198;34;3.526360512
76;0;0;5;38;1;1;0.897825241;28.20000076;3.33932209
77;0;0;0;58;0;0;0.310998738;37.70000076;3.62966013
78;0;0;0;50;0;0;0.789815366;11.22500038;2.418143511
79;0;1;2;41;1;1;1.0431813;27;3.295836926
80;0;1;0;48;0;0;1.159844041;20.96800041;3.042997599
81;0;0;2;43;0;0;1.016927958;27.09199905;3.299238443
82;0;0;1;48;1;1;1.342965364;31.5;3.44998765
83;0;0;3;30;0;0;0.779411912;12;2.484906673
84;0;0;2;50;0;1;0.95300436;30.29999924;3.411147594
85;0;0;1;37;0;0;0.632110894;27;3.295836926
86;0;0;1;47;0;0;0.830662489;18.20000076;2.901421547
87;0;0;0;47;0;0;1.21746099;7.044000149;1.952176213
88;0;0;0;55;0;0;1.039452434;13.07199955;2.570472479
89;0;0;2;36;0;0;0.923408926;37.7519989;3.631038427
90;0;1;2;32;0;0;0.779022932;7.285999775;1.985954642
91;0;0;0;55;0;1;1.120270014;29;3.367295742
92;0;1;1;30;1;1;1.401836514;25.70000076;3.246490955
93;0;0;0;60;1;1;1.247697473;55.59999847;4.018183231
94;0;1;2;45;0;0;0.75033164;10.09000015;2.311544895
95;0;0;0;47;0;0;1.066970468;13.35000038;2.591516495
96;0;0;1;51;0;0;0.694292724;10.65999985;2.36649847
97;0;1;3;41;1;1;0.948360801;30.79999924;3.427514553
98;0;0;0;58;0;0;1.263575077;15.5;2.740839958
99;0;1;3;35;0;0;0.908756495;24;3.178053856
100;0;0;4;36;0;1;0.977965832;24.39999962;3.194583178
101;0;0;2;47;0;0;0.869337022;24.4659996;3.19728446
102;0;1;1;30;0;1;0.979132771;22;3.091042519
103;0;0;0;51;0;0;1.03809607;14.75599957;2.691649675
104;0;0;0;60;0;0;0.416285694;14;2.639057398
105;0;0;0;49;0;0;1.235714912;15.5;2.740839958
106;0;0;0;49;0;0;0.851476669;18.14999962;2.898670435
107;0;1;2;34;1;1;1.361570597;96;4.564348221
108;0;0;0;44;0;0;1.122110844;1.5;0.405465096
109;0;1;1;37;0;1;1.123472333;37.59999847;3.627003908
110;0;0;0;54;1;1;1.252004862;35.02000046;3.555919409
111;0;0;0;59;0;0;0.867003143;32.24200058;3.473269939
112;0;1;3;36;0;1;0.737981319;26.89999962;3.292126179
113;0;2;2;35;1;1;1.028465986;36;3.583518982
114;0;0;3;53;0;0;0.100619294;3.77699995;1.32893002
115;0;1;0;31;0;0;0.854977548;12.09200001;2.492544174
116;0;0;2;54;0;1;1.188517809;22.61000061;3.118392229
117;0;0;0;54;0;1;1.037512541;32;3.465735912
118;0;0;0;45;0;0;0.73623091;21.95000076;3.08876729
119;0;0;3;35;0;0;0.672763526;12.36699963;2.515031576
120;0;0;0;51;0;0;0.975048423;33.67100143;3.516637087
121;0;0;2;52;1;1;1.590415716;23.67499924;3.164419651
122;0;0;1;48;0;0;0.694876194;22;3.091042519
123;0;0;0;56;0;0;0.552267849;9.380000114;2.23857975
124;0;1;3;41;0;0;0.976993322;30.62299919;3.421751261
125;0;0;0;56;0;0;0.682972491;22.14999962;3.097837448
126;0;0;1;45;1;1;1.279755116;20.21999931;3.006672144
127;0;0;0;49;0;0;0.694681704;18.29000092;2.906354427
128;0;0;0;57;1;1;1.516324162;57;4.043051243
129;0;0;3;33;0;0;0.727709413;19.87599945;2.98951292
130;0;1;1;42;0;0;0.773937643;11.20300007;2.416181564
131;0;1;1;31;0;1;0.909534454;19.02199936;2.945596218
132;0;0;0;52;0;0;1.122473121;12.39999962;2.517696381
133;0;1;4;46;0;0;0.790593326;30.64999962;3.422632694
134;0;0;2;49;0;0;0.868948042;16.73600006;2.817562103
135;0;0;1;43;0;0;1.266492367;14;2.639057398
136;0;1;3;40;0;0;0.907783985;33.91999817;3.524004698
137;0;2;1;30;0;0;0.488383919;16.20000076;2.785011292
138;0;0;1;45;0;1;1.016538978;15.14999962;2.718000412
139;0;0;1;44;0;0;0.852449119;13.39000034;2.594508171
140;0;0;0;52;0;0;1.258900523;18.5;2.917770624
141;0;0;1;46;0;0;0.869531512;17.63500023;2.869885683
142;0;0;2;40;0;1;0.837604523;22.22500038;3.101217747
143;0;0;2;36;0;0;1.097704768;22.84600067;3.128776073
144;0;0;0;47;1;1;1.251576424;56.09999847;4.027135849
145;0;0;4;40;0;0;0.837604523;15;2.708050251
146;0;0;1;48;0;0;0.975631893;20.29999924;3.010620832
147;0;1;1;44;0;0;0.990472853;9.800000191;2.282382488
148;0;1;2;30;0;0;0.987623453;8.100000381;2.091864109
149;0;3;3;37;1;1;0.994982958;13.43999958;2.598235369
150;0;0;4;36;0;0;0.857758045;15.5;2.740839958
151;0;1;3;33;0;1;0.978549302;23.5;3.157000303
152;0;1;1;32;1;1;1.150607705;50.29999924;3.91800499
153;0;0;1;49;0;0;0.851476669;28.06999969;3.3347013
154;0;0;3;39;0;0;0.448189199;21.5;3.068053007
155;0;0;2;41;1;0;1.173813462;22.58200073;3.117153168
156;0;0;0;60;0;0;0.92088753;18.5;2.917770624
157;0;0;2;45;0;1;0.976215363;29.29999924;3.377587557
158;0;0;2;52;0;0;0.366722584;68.03500366;4.220022202
159;0;0;5;47;0;0;1.114127517;5.550000191;1.713797927
160;0;0;4;46;0;0;0.367889553;19.36499977;2.96346736
161;0;0;0;52;0;0;0.312165678;23;3.135494232
162;0;1;3;39;0;1;1.191435218;24.76000023;3.209229469
163;0;0;0;51;0;0;0.407180727;12.09000015;2.492378712
164;0;0;0;53;1;1;1.143383026;20.20000076;3.005682707
165;0;0;3;44;0;0;1.03945744;21.41699982;3.064184904
166;0;0;0;30;0;1;0.909728944;14.69400024;2.687439203
167;0;1;1;30;0;1;0.909728944;42.25;3.743604422
168;0;0;0;57;0;0;-0.005834626;6.340000153;1.846878767
169;0;2;1;31;1;1;1.401642084;23;3.135494232
170;0;0;0;47;0;0;1.293749928;21.10000038;3.049273014
171;0;0;1;46;0;0;1.017964125;16.23999977;2.787477255
172;0;0;2;37;1;1;1.06516242;15.89999962;2.766319036
173;0;1;1;34;0;1;0.908950984;24.70100021;3.206843853
174;0;2;1;36;0;0;0.766613901;15;2.708050251
175;0;0;0;45;0;0;0.565142632;30;3.401197433
176;0;1;1;33;0;0;0.923992395;9.449999809;2.246014833
177;0;0;3;43;0;0;0.725764513;19.85499954;2.988455772
178;0;0;0;52;0;0;1.313457489;19.23699951;2.956835508
179;0;1;1;33;1;1;1.516770244;29;3.367295742
180;0;2;0;38;1;0;1.757632136;18.60000038;2.923161507
181;0;1;1;30;0;0;0.739148319;25.10000038;3.222867966
182;0;1;1;34;0;0;0.944447398;13.69999981;2.617395878
183;0;1;1;43;0;0;1.25954628;13.07499981;2.570702076
184;0;0;2;32;0;0;0.944836378;11;2.397895336
185;0;0;2;45;0;1;1.190268278;37.29999924;3.618993282
186;0;0;0;46;0;0;0.942113519;23.26000023;3.146735191
187;0;0;1;56;0;0;0.85011524;16.07299995;2.777140856
188;0;0;1;49;0;0;1.013068318;13.39900017;2.595180035
189;0;0;0;48;0;0;0.659499705;17.25799942;2.848275661
190;0;0;1;49;0;1;0.95319885;31.79999924;3.459466219
191;0;0;0;56;1;0;1.436804891;7.699999809;2.041220188
192;0;1;1;47;0;0;0.378042817;21.79999924;3.081909895
193;0;0;2;54;0;0;1.270656466;14.44999981;2.670694351
194;0;1;0;30;0;1;1.016763687;19.3920002;2.964860678
195;0;0;0;53;0;0;0.671694577;17.5;2.862200975
196;0;0;4;44;0;1;1.228085399;18.85000038;2.936512947
197;0;0;0;49;0;0;1.227112889;16;2.77258873
198;0;0;2;47;0;1;1.008144736;32.5;3.481240034
199;0;0;2;52;0;1;1.067041755;17.07999992;2.837908268
200;0;0;0;49;0;0;0.790009856;8.630000114;2.155244589
201;0;2;2;30;0;0;0.818086505;35;3.555348158
202;0;0;1;37;0;0;0.182669371;22.1590004;3.098243713
203;0;0;1;50;0;0;0.905839086;29.39999962;3.380994558
204;0;0;1;47;0;0;1.121527433;17.70000076;2.87356472
205;0;0;1;51;0;0;1.094787359;26.68000031;3.283914328
206;0;0;0;53;0;0;0.886195123;21.5739994;3.071488857
207;0;1;2;31;0;0;0.573446155;10.18999958;2.321406841
208;0;0;1;42;1;1;1.060236216;31.70000076;3.45631671
209;0;0;2;46;0;0;0.906617045;24.13500023;3.18366313
210;0;0;4;50;0;0;1.145316958;31;3.433987141
211;0;0;4;41;1;1;1.331652045;18.45000076;2.915064335
212;0;0;1;48;0;0;1.015656948;17.96999931;2.888703585
213;0;0;0;54;0;0;0.81512773;13;2.564949274
214;0;0;1;50;0;0;0.855035126;8.399999619;2.128231764
215;0;1;1;36;0;0;0.977965832;16.70000076;2.815408707
216;0;0;0;54;0;0;0.764008701;10.03999996;2.306577206
217;0;1;2;33;0;0;0.606151104;8.008999825;2.080565929
218;0;0;3;40;0;0;1.210846543;15.09599972;2.714429855
219;0;1;2;35;1;1;1.463911653;28.45000076;3.348148108
220;0;1;1;32;0;1;1.04179132;11.55000019;2.446685553
221;0;0;2;31;1;1;1.156382799;28;3.33220458
222;0;1;0;31;1;0;1.669745326;18.20000076;2.901421547
223;0;1;3;51;0;0;0.206684217;44.98799896;3.806395769
224;0;0;1;36;0;0;0.693563104;13.39999962;2.59525466
225;0;0;0;59;0;0;0.981983185;16.47599983;2.801904678
226;0;2;0;35;0;1;1.097899199;17.20000076;2.84490943
227;0;0;2;46;0;0;1.121721864;18.29999924;2.906901121
228;0;0;0;52;0;0;0.79977417;24;3.178053856
229;0;0;3;31;0;0;0.67912209;4.349999905;1.470175862
230;0;0;1;46;0;0;1.121721864;29.5529995;3.386185169
231;0;1;0;36;1;1;1.386436343;21.76799965;3.080440998
232;0;1;2;36;0;0;0.792538285;14.19999981;2.653241873
233;0;0;0;56;0;0;1.080647588;8.300000191;2.116255522
234;0;0;0;52;0;0;1.292777419;20.17700005;3.004543304
235;0;0;4;33;1;0;0.960264504;18.2140007;2.902190685
236;0;0;0;51;0;0;1.319493413;14;2.639057398
237;0;0;0;57;0;1;1.305121303;18.79999924;2.933856726
238;0;1;2;36;0;1;0.871476471;17.04500008;2.835856915
239;0;0;1;48;0;0;0.941724539;24.5;3.19867301
240;0;0;0;53;0;0;0.206295237;10.69999981;2.370243788
241;0;0;3;54;1;1;1.383680582;35.40000153;3.566711903
242;0;1;2;40;0;1;0.977187872;21;3.044522524
243;0;1;3;37;0;0;0.726931453;14.75;2.691243172
244;0;0;0;56;0;0;1.305315852;18.79999924;2.933856726
245;0;2;0;32;1;1;1.230120778;14.69999981;2.687847376
246;0;0;1;42;0;0;0.870309532;16.10000038;2.778819323
247;0;0;0;53;1;1;1.186011314;18.96500015;2.942595243
248;0;0;0;53;1;1;1.062050581;41.5;3.725693464
249;0;0;1;45;0;0;0.869726062;42.79999924;3.756538153
250;0;0;1;41;0;1;1.21862793;19.5;2.9704144
251;0;0;2;44;1;1;1.491301417;20.88299942;3.038935423
252;0;0;0;33;1;1;1.493440866;24;3.178053856
253;0;0;0;50;0;0;0.905839086;21.60000038;3.072693348
254;0;0;2;52;0;0;1.188906789;14.60000038;2.681021452
255;0;0;5;38;1;1;1.013848901;21.85000038;3.084200859
256;0;0;0;56;0;0;0.774355114;16.57600021;2.80795598
257;0;1;4;42;0;0;0.631138444;15.97999954;2.771337986
258;0;1;2;43;0;0;1.014235258;17.39999962;2.856470108
259;0;1;1;32;0;0;1.192796707;14.80000019;2.694627285
260;0;0;3;47;0;0;1.209485173;13.52999973;2.60490942
261;0;0;0;47;0;0;1.095565319;25.31999969;3.231594563
262;0;0;3;37;1;1;1.432793379;28.62999916;3.354454994
263;0;0;3;38;0;1;1.170434833;24.46999931;3.197447777
264;0;0;3;36;1;1;1.432987928;48.29999924;3.877431631
265;0;0;0;44;0;0;0.514218092;18.89999962;2.939162016
266;0;0;0;44;1;0;1.04259789;23.70000076;3.16547513
267;0;0;1;55;0;0;0.366139114;13.39999962;2.59525466
268;0;0;0;49;0;0;0.775716603;8;2.079441547
269;0;0;0;58;0;0;0.44449383;10.59200001;2.360099077
270;0;3;1;31;1;1;0.960653484;73.59999847;4.29864502
271;0;2;1;33;1;1;1.050317883;40.25;3.695110083
272;0;0;5;34;0;1;0.792927265;15.69999981;2.753660679
273;0;0;0;47;0;0;1.121527433;25;3.218875885
274;0;0;0;48;1;1;1.026750922;26.61300087;3.281399965
275;0;1;2;33;0;0;0.978549302;18.21999931;2.902519941
276;0;0;3;35;0;0;0.555456519;10.86699963;2.385730743
277;0;1;4;41;0;0;1.169851303;7.050000191;1.953027606
278;0;1;3;38;1;0;0.976763427;32.68500137;3.486916304
279;0;0;2;38;0;0;1.230871916;16.68199921;2.814330339
280;0;0;2;42;0;0;0.525462508;18.39999962;2.912350655
281;0;0;0;53;0;0;0.73467499;13.42000008;2.596746206
282;0;0;1;44;0;0;0.976409853;20.29999924;3.010620832
283;0;0;1;51;0;0;0.854840636;18.75;2.931193829
284;0;0;0;55;0;0;0.788842916;28.60000038;3.353406668
285;0;1;2;30;0;1;0.945225358;20.5;3.020424843
286;0;0;0;54;1;1;1.331517816;33.85599899;3.522116184
287;0;0;2;38;0;1;0.871087492;33.09999847;3.499533176
288;0;2;0;30;1;1;1.598656654;16.04999924;2.775708914
289;0;0;2;50;0;0;0.905839086;40.79999924;3.70868206
290;0;0;1;34;0;1;0.421342492;7.039999962;1.951608181
291;0;2;3;34;0;0;1.069498897;5;1.609437943
292;0;2;2;30;0;1;0.81889993;10.02700043;2.305281401
293;0;0;3;38;0;0;0.536588252;7.573999882;2.024721384
294;0;0;0;54;0;0;1.120165944;20.95000076;3.042138577
295;0;2;0;33;0;0;1.041596889;18.52000046;2.918851137
296;0;0;0;38;0;0;0.837993503;16.78800011;2.820664406
297;0;0;3;51;0;0;0.975944102;19.70000076;2.980618715
298;0;1;1;32;0;0;1.070931554;14.5;2.67414856
299;0;0;2;36;0;0;0.778244972;9.090000153;2.207175016
300;0;0;0;53;0;1;1.120360494;27.76000023;3.323596239
301;0;0;2;38;1;1;1.472049236;37.25;3.617651939
302;0;0;2;36;0;1;0.923408926;6;1.791759491
303;0;0;1;39;0;0;0.75179714;15.18900013;2.720571518
304;0;2;0;30;1;1;1.70037055;16.14999962;2.781919956
305;0;1;0;34;0;0;0.871865451;17.5;2.862200975
306;0;0;1;45;0;0;0.906811535;24.79999924;3.210843563
307;0;2;3;44;1;0;1.278905869;18.87400055;2.937785387
308;0;1;2;35;1;1;1.120108366;18.01000023;2.890927076
309;0;0;1;44;0;0;0.828105569;15.55000019;2.744060755
310;0;0;3;44;0;0;0.852449119;13.1260004;2.574594975
311;0;1;1;36;0;1;0.420953512;20.52799988;3.021789789
312;0;0;0;55;0;0;0.952031851;15;2.708050251
313;0;0;1;49;0;0;0.340568334;11;2.397895336
314;0;0;3;32;0;0;1.016374707;16.60000038;2.809402704
315;0;0;0;56;0;0;0.974075973;30.20000076;3.407841921
316;0;0;2;38;0;0;0.711668015;15.82999992;2.761906862
317;0;0;0;57;0;0;1.006199837;12.92500019;2.559163332
318;0;0;0;60;0;0;1.09303689;15.30000019;2.727852821
319;0;0;1;42;1;1;1.202213764;31;3.433987141
320;0;0;5;43;0;1;0.942696989;21.82299995;3.08296442
321;0;0;1;45;0;1;1.169073343;21.70000076;3.077312231
322;0;0;4;41;0;1;0.831829429;35.90999985;3.581015825
323;0;1;0;30;0;1;1.117433906;22.79999924;3.126760483
324;0;2;0;30;1;1;1.401836514;23.60000038;3.161246777
325;0;0;1;49;0;1;0.868948042;21.02499962;3.045712233
326;1;0;1;30;0;0;1.406497121;16;2.77258873
327;1;0;1;33;0;0;1.226445675;24;3.178053856
328;1;0;2;43;1;0;1.769434929;21.6400013;3.074543476
329;1;0;1;40;0;0;1.66886127;22.64100075;3.119762421
330;1;0;5;36;0;0;0.838011265;18.20000076;2.901421547
331;1;2;0;32;1;1;1.564986229;15.09999943;2.714694738
332;1;1;1;45;0;0;1.241268635;23.70899963;3.165854692
333;1;0;2;49;0;1;0.944690049;14.43400097;2.669586658
334;1;1;3;36;0;0;1.50093627;10.69999981;2.370243788
335;1;0;4;39;0;0;0.91629076;12.89999962;2.557227373
336;1;0;4;37;0;0;0.554310918;12.75;2.545531273
337;1;0;2;36;1;0;1.912045598;26.5;3.27714467
338;1;1;2;39;1;0;-1.543298125;16.12000084;2.780060768
339;1;0;3;36;1;1;0.526329637;32;3.465735912
340;1;0;0;46;0;0;0.994252384;1.199999809;0.182321399
341;1;0;1;31;0;0;1.151604772;14.60000038;2.681021452
342;1;1;2;40;1;1;0.575364292;25.09000015;3.22246933
343;1;0;2;34;0;0;1.216992497;13.14000034;2.575660944
344;1;0;0;47;0;0;1.167319536;29.30999947;3.377928734
345;1;0;0;38;0;0;0.871170282;10;2.302585125
346;1;1;3;36;0;0;3.218875885;21;3.044522524
347;1;0;1;44;0;0;1.697176814;18.89999962;2.939162016
348;1;0;1;38;0;1;1.391504288;14.78199959;2.693410158
349;1;0;1;43;0;0;0.540197611;24.9279995;3.215991735
350;1;0;2;43;0;0;1.122222066;23.24900055;3.146262169
351;1;0;0;51;1;1;0;25.29999924;3.230804443
352;1;0;1;48;0;0;1.341558456;59;4.077537537
353;1;0;2;42;1;1;0.91629076;21;3.044522524
354;1;2;2;38;1;0;1.628224373;18.43000031;2.913979769
355;1;0;1;49;1;1;0.556288004;39.09999847;3.666122437
356;1;0;0;35;1;1;1.681074142;11.79999924;2.468099356
357;1;0;0;55;0;0;0.682676017;11.62799931;2.453415871
358;1;0;3;35;1;1;1.270112753;34;3.526360512
359;1;0;0;52;1;0;1.926825047;18.30000114;2.906901121
360;1;1;1;34;1;1;3.113515377;19.79999924;2.985682011
361;1;0;0;50;0;1;0.183922783;14.5;2.67414856
362;1;0;2;35;1;0;1.604687214;5.120000362;1.633154511
363;1;0;0;54;0;0;0.693147182;9.300000191;2.230014324
364;1;0;0;43;0;0;1.361016512;18.55999947;2.921008587
365;1;0;0;30;1;1;1.927891612;20.60000038;3.025291204
366;1;1;3;32;0;0;0.653926492;17.50699997;2.862600803
367;1;0;3;35;0;0;1.077993155;7.175999165;1.970741987
368;1;0;0;41;1;1;1.948094368;79.80000305;4.379523754
369;1;0;2;41;0;0;1.047318935;7.900000095;2.066862822
370;1;0;3;36;0;0;1.406497121;14.49999905;2.67414856
371;1;0;0;34;0;0;1.064710736;7.799999714;2.05412364
372;1;0;1;43;1;1;1.368275762;16.77000046;2.819591522
373;1;0;2;35;1;0;1.828967571;-0.029000094;NA
374;1;0;3;43;0;0;1.376466274;13.87200069;2.629872561
375;1;1;3;33;0;1;0.91629076;43;3.76120019
376;1;0;2;34;1;0;1.226445675;17.20000076;2.84490943
377;1;0;1;44;1;0;0.516396821;14.5199995;2.675526857
378;1;0;3;37;0;1;0.728034496;10.39999962;2.341805696
379;1;0;2;32;0;0;0.80308044;9.020000458;2.199444294
380;1;1;1;34;0;0;1.499556541;6.599998474;1.887069464
381;1;0;2;32;1;1;0.914625347;19.70000076;2.980618715
382;1;0;1;44;0;0;1.515197754;16.39999962;2.797281265
383;1;0;5;37;1;1;2.120263577;34.75;3.548179626
384;1;0;1;50;1;1;1.868332028;33.04999924;3.498021603
385;1;0;1;44;1;1;2.733367682;51.30000687;3.937690973
386;1;0;1;45;1;1;0.693147182;30.5;3.417726755
387;1;0;3;41;0;0;-0.199655548;16.32299995;2.792575121
388;1;0;0;56;0;0;2.905078173;10.78699875;2.378341675
389;1;0;2;46;0;0;0.91629076;12.39999962;2.517696381
390;1;0;1;37;0;1;0.977027178;34.5;3.540959358
391;1;0;3;39;1;1;1.021651268;26;3.258096457
392;1;0;0;54;1;0;2.18925643;18.21999931;2.902519941
393;1;0;3;43;0;0;1.465457797;25.07500076;3.221871376
394;1;0;3;38;0;0;0.61938113;5.486000061;1.702199459
395;1;0;0;54;0;0;0.765718043;20.25;3.008154869
396;1;0;1;32;0;1;-0.74193728;17.14999962;2.8419981
397;1;0;0;40;1;1;3.064725161;32;3.465735912
398;1;1;2;35;1;1;1.378326178;23.5;3.157000303
399;1;0;2;45;1;1;1.944499254;35.75500107;3.576690197
400;1;0;1;34;0;1;0.147919893;14;2.639057398
401;1;0;3;42;0;0;0.559027612;17.21000099;2.845490694
402;1;2;1;30;1;1;0.798507631;13.69999981;2.617395878
403;1;0;0;46;0;0;1.306920767;28;3.33220458
404;1;0;0;35;1;1;2.259525537;37.29999924;3.618993282
405;1;0;2;57;0;0;3.155580997;24.39900017;3.19454217
406;1;0;2;44;1;1;-1.766441464;9;2.197224617
407;1;0;0;45;0;0;1.683176041;10.77499962;2.377228498
408;1;0;0;50;1;1;-0.433636039;41.09999847;3.716008186
409;1;0;3;36;1;1;1.401798606;15.80000019;2.760010004
410;1;0;2;44;0;0;0.790730178;13.60200024;2.610216856
411;1;0;1;34;1;1;1.688480973;26.00000191;3.258096695
412;1;0;0;52;1;0;1.180442333;17.65999985;2.871302128
413;1;0;1;47;1;1;0.510825813;28.60000038;3.353406668
414;1;0;4;49;0;0;1.4557482;9.883999825;2.290917158
415;1;0;1;38;0;0;1.491389632;15.54000092;2.743417501
416;1;0;2;40;0;0;1.475906491;17.89999962;2.884800673
417;1;0;0;45;0;0;1.316235304;16.97999954;2.832036257
418;1;0;2;32;0;0;0.955511391;12;2.484906673
419;1;1;2;45;0;1;0.779250085;10.46999931;2.348513842
420;1;0;2;40;0;0;0.933288217;7.789000511;2.05271244
421;1;0;0;56;0;0;0.864997447;6.300000191;1.840549707
422;1;0;0;45;1;1;1.966112852;20.75;3.032546282
423;1;0;2;35;0;1;1.844010115;13;2.564949274
424;1;0;2;36;1;1;1.703748465;23.60000038;3.161246777
425;1;0;2;32;0;0;1.63373065;13.81999969;2.626116753
426;1;0;2;37;0;1;0.641853869;33.29999924;3.505557299
427;1;0;5;52;0;1;0.693147182;42.90999985;3.759104967
428;1;0;1;51;0;0;0.858021557;22.25;3.10234189
429;1;0;1;30;0;0;1.758969665;8.5;2.140066147
430;1;0;0;48;0;0;1.565952778;30.75;3.425889969
431;1;0;4;34;0;0;0.799990118;9.048000336;2.202543736
432;1;0;0;46;0;0;0.470003635;9.899999619;2.292534828
433;1;0;0;47;0;0;1.270222306;26.09000015;3.261552095
434;1;0;1;47;0;0;1.198723316;14.69999981;2.687847376
435;1;0;0;47;0;1;1.203972697;46.64500046;3.842565775
436;1;0;1;43;0;0;1.369487166;11.84399986;2.471821308
437;1;0;0;47;0;0;1.47363627;13.29500008;2.587388039
438;1;0;1;46;1;1;1.321755886;16.55500031;2.80668807
439;1;0;1;48;1;1;2.472121954;17.57499504;2.866477251
440;1;0;0;53;0;0;1.518310666;9.800001144;2.282382488
441;1;0;1;39;0;0;1.892004967;17.45499992;2.859626055
442;1;0;0;57;1;1;1.636111379;14.42100048;2.668685436
443;1;0;1;30;0;0;1.19608736;15.5909996;2.74669385
444;1;0;1;40;0;0;1.321755886;23.14999962;3.141994715
445;1;0;0;50;0;0;0.089612156;24.5;3.19867301
446;1;0;3;45;0;0;0.228248864;9.56000042;2.257587671
447;1;0;1;39;0;0;0.871144891;13.67699909;2.615715504
448;1;0;2;34;1;0;0.847297728;12.30000019;2.509599209
449;1;0;1;39;0;1;0.752998352;18.85700035;2.936884165
450;1;0;2;32;1;1;1.547134161;11.17999935;2.414126396
451;1;0;3;37;0;0;0.679244459;9.999999046;2.302584887
452;1;0;2;43;1;1;2.034989834;19.30999947;2.960623026
453;1;0;0;46;0;1;1.166135788;17.40199852;2.856585026
454;1;0;1;32;1;1;2.327162504;17.79999161;2.879198074
455;1;0;0;50;0;0;1.83258152;27;3.295836926
456;1;0;0;59;1;1;1.293584824;26;3.258096457
457;1;0;3;37;0;1;1.152646065;28.04000092;3.333631992
458;1;0;0;49;0;1;1.058484793;21.5;3.068053007
459;1;0;1;39;0;0;0.840941131;4.800000668;1.568616033
460;1;0;0;47;0;0;1.299838781;18.76000023;2.931726933
461;1;0;2;32;1;1;2.153053284;43.29999924;3.768152714
462;1;0;0;32;1;1;-0.611394703;11;2.397895336
463;1;0;0;32;0;1;1.143609643;18.5;2.917770624
464;1;0;1;49;0;1;2.233175516;19.70000076;2.980618715
465;1;0;1;41;0;1;0.983499527;34.20000076;3.532225609
466;1;0;2;34;0;0;0.987269878;3.899999142;1.360976338
467;1;0;0;34;0;0;0.201038614;13.8920002;2.631313086
468;1;0;0;51;1;1;1.714798331;38.40000153;3.648057461
469;1;0;1;45;1;0;1.39030242;52.5;3.960813284
470;1;0;0;49;0;1;1.588546634;53.5;3.97968173
471;1;1;0;30;0;1;1.118814826;27;3.295836926
472;1;0;1;38;0;0;1.067113638;12.5;2.525728703
473;1;0;0;54;1;1;1.112367272;6.491001606;1.87041688
474;1;0;2;43;1;0;1.379176855;8.56000042;2.14710021
475;1;0;0;38;0;0;2.083895922;17.20100021;2.844967604
476;1;0;3;37;0;0;0.620826483;21.29999924;3.058706999
477;1;0;3;36;0;1;1.60320735;16.39999962;2.797281265
478;1;0;0;41;1;0;1.0788095;13.15000153;2.576421976
479;1;0;0;41;0;1;0.577764928;27.04000092;3.297317266
480;1;1;2;36;0;0;0.495321661;9.174999237;2.216482401
481;1;0;3;48;0;0;0.181252614;13.3920002;2.594657421
482;1;0;1;41;0;0;0.895444989;28.9810009;3.366640568
483;1;0;0;56;1;1;1.976104379;18.1590004;2.899166346
484;1;1;2;36;1;1;1.919592857;14.19999981;2.653241873
485;1;0;2;47;1;0;2.322787523;25.20500374;3.227042437
486;1;0;4;40;0;0;0.86020112;16.16500092;2.782848358
487;1;0;1;45;0;1;1.332388997;29.70000076;3.391147137
488;1;0;1;32;0;0;0.510825813;15.05000019;2.711378098
489;1;0;0;59;0;0;0.223143548;14.77999973;2.693274975
490;1;0;1;47;1;1;1.410587192;41.39999771;3.723280907
491;1;0;1;45;1;1;1.710179448;13;2.564949274
492;1;0;1;47;1;0;1.568615913;28.5019989;3.349974155
493;1;0;0;54;0;1;0.559615791;34.85699844;3.551254034
494;1;0;3;38;0;0;0.957112849;10.49999905;2.351375103
495;1;0;3;32;0;1;0;39.21300125;3.669008255
496;1;1;0;53;0;0;1.290984273;18.27499962;2.905534029
497;1;1;3;35;1;1;0.393042237;25.38000107;3.233961582
498;1;0;0;49;0;1;1.410587192;13.5;2.602689743
499;1;0;4;34;0;0;0.470003635;20.65999985;3.028199434
500;1;0;2;31;1;0;1.162377119;9.999999046;2.302584887
501;1;0;0;51;1;1;2.03101182;31.81100082;3.459812164
502;1;1;5;30;0;0;0.70130527;7.200000286;1.974081039
503;1;0;0;52;1;1;2.26145792;39.13999939;3.667145014
504;1;1;0;30;1;1;2.101032257;24.25;3.188416719
505;1;0;0;51;0;0;1.42285192;10.70000076;2.370243788
506;1;0;1;43;0;0;2.066196203;25;3.218875885
507;1;0;4;31;0;0;0.926341295;14.89999866;2.701361179
508;1;0;3;40;0;0;1.955388904;14.02999973;2.64119792
509;1;0;3;46;0;0;1.460141778;19.00699997;2.944807291
510;1;0;2;38;0;1;-0.039220802;13.02499962;2.566870451
511;1;0;1;32;0;1;1.626729369;17.39999962;2.856470108
512;1;0;2;32;1;0;1.924148679;24.62599945;3.203802824
513;1;0;0;48;0;0;0.969842076;4.811000347;1.570905089
514;1;0;0;52;1;1;2.347466707;16.69999313;2.81540823
515;1;0;2;38;1;1;2.146531343;32.02500153;3.466516972
516;1;0;0;55;0;0;1.562091708;16.35000038;2.794227839
517;1;0;1;49;0;0;-0.420921415;19.10300064;2.949845314
518;1;0;3;43;0;1;1.685196519;29.11700058;3.371322155
519;1;0;1;38;0;0;1.297063351;6.499999523;1.871802092
520;1;0;1;31;1;0;1.018569708;9.465999603;2.247706413
521;1;1;0;30;0;1;1.602320433;19.07999992;2.948640585
522;1;0;0;52;0;0;1.250365853;10.39999962;2.341805696
523;1;0;1;37;0;0;1.443116665;11.39999962;2.4336133
524;1;0;3;37;0;0;1.09064436;9;2.197224617
525;1;0;0;52;0;0;1.83258152;28.79999924;3.360375404
526;1;1;2;34;1;1;1.799215794;28.19999886;3.339321852
527;1;0;2;42;0;1;1.386294365;20.63299942;3.026891708
528;1;0;3;43;1;1;1.675189376;22.39999962;3.109061003
529;1;0;4;46;1;1;2.069491148;26.59000015;3.280535221
530;1;0;2;37;0;1;0.980829358;19.15999985;2.952824831
531;1;0;0;45;0;0;0.469369024;8.932999611;2.18975234
532;1;0;1;47;0;0;1.729724169;25.69999886;3.246490955
533;1;0;1;48;0;0;1.892004967;21;3.044522524
534;1;1;2;36;0;0;-2.054123878;11.19999981;2.41591382
535;1;0;0;45;0;0;0.620826483;13.5;2.602689743
536;1;0;2;33;0;0;1.107799649;10.95400047;2.393704653
537;1;1;5;41;0;1;2.29586792;18.27199936;2.905369759
538;1;0;0;46;1;0;0.748717129;7.789999962;2.052840948
539;1;0;0;52;0;0;0.536951721;3.671000481;1.300464272
540;1;0;0;59;0;0;0.837728322;3.300000191;1.19392252
541;1;0;2;41;0;0;1.357382894;15.60000038;2.747270823
542;1;0;0;52;0;0;1.203972697;6.25;1.83258152
543;1;0;0;50;0;0;1.228870392;6.699999809;1.902107477
544;1;0;0;39;0;0;2.885190725;22.19999886;3.100092173
545;1;0;0;45;1;0;1.266947627;13.80000019;2.624668598
546;1;0;1;34;0;0;1.154626727;12.84500122;2.552954674
547;1;0;1;43;0;0;1.09064436;18.19499969;2.901146889
548;1;0;2;44;0;0;0.988472164;10.43699932;2.34535718
549;1;0;0;51;0;0;1.399717331;10.50000095;2.351375341
550;1;0;0;54;0;0;0.105360456;20.5;3.020424843
551;1;0;0;30;1;1;2.364460707;17.79999733;2.879198313
552;1;1;1;34;1;1;2.251891851;24.10000038;3.182211876
553;1;0;1;40;0;0;1.513106704;32.90000153;3.493472815
554;1;0;3;42;1;1;1.75562036;32.43000031;3.479084015
555;1;0;1;44;1;0;1.582088113;18;2.890371799
556;1;0;0;51;0;0;0.955511391;20.68000031;3.029167175
557;1;0;1;36;0;0;1.884423137;11.10000038;2.406945229
558;1;0;3;40;0;1;1.300015926;20.75;3.032546282
559;1;0;3;33;1;1;0.559615791;31.20000076;3.440418005
560;1;0;3;31;0;0;1.497101784;18;2.890371799
561;1;0;3;43;0;0;1.427116394;12.53999996;2.528923512
562;1;0;4;39;0;0;1.241713285;16;2.77258873
563;1;0;0;54;0;0;0.82217741;13.30000019;2.587764025
564;1;0;0;30;0;1;0.223143548;8.237000465;2.108636141
565;1;0;3;33;0;1;-0.409161985;17.10000038;2.839078426
566;1;0;1;49;1;0;1.688731551;6.016001225;1.794422746
567;1;0;0;37;1;1;1.791759491;17.06999969;2.837322474
568;1;1;5;39;0;1;0.968148589;33.96999741;3.525477648
569;1;0;2;40;0;0;3.218875885;21.21999931;3.054944038
570;1;0;2;38;1;1;1.410587192;25.19999886;3.226843834
571;1;0;2;48;0;0;1.544899344;9;2.197224617
572;1;0;1;39;0;0;1.437587619;23.66800117;3.164124012
573;1;0;4;36;1;1;2.158003807;21.37199974;3.062081575
574;1;0;1;49;0;0;1.098612309;44;3.784189701
575;1;0;2;51;0;0;1.331806183;38;3.637586117
576;1;0;0;37;0;0;0.460273325;9.199999809;2.219203472
577;1;0;1;46;1;1;1.710540533;19.29800034;2.960001469
578;1;0;0;47;0;0;0.709276438;13.90000057;2.631888866
579;1;0;1;32;0;1;0.810930192;25.60000038;3.242592335
580;1;0;0;44;0;0;0.474356025;13.13399982;2.575204372
581;1;0;1;31;0;0;1.031529069;7.799999714;2.05412364
582;1;0;1;54;0;1;1.72495079;17.39699936;2.856297731
583;1;0;2;41;0;0;0.942131937;9.645000458;2.266439676
584;1;0;0;30;0;0;1.094982386;14.00000095;2.639057398
585;1;0;2;43;0;0;0.755022824;13.11899948;2.574061632
586;1;0;0;46;1;1;1.51792264;44;3.784189701
587;1;0;0;46;1;1;2.606698036;17.49999619;2.862200737
588;1;0;3;35;0;0;0.575364292;12.5;2.525728703
589;1;0;0;46;0;0;1.415043831;20.57600021;3.024125338
590;1;1;0;43;1;1;1.049822092;14.39999962;2.667228222
591;1;0;3;34;1;1;0.223143548;21.20000076;3.054001331
592;1;0;2;37;1;1;1.616462588;27.29999924;3.306886673
593;1;0;3;37;0;0;0.636137009;12.70899963;2.542310476
594;1;0;3;35;0;0;1.021651268;13.19999981;2.580216885
595;1;0;1;46;1;1;1.443311095;10;2.302585125
596;1;0;0;43;1;1;1.236917019;19.72100067;2.981684208
597;1;1;3;33;0;0;0.510825813;2.200000048;0.788457394
598;1;0;0;54;1;1;1.959640384;27.79999924;3.325036049
599;1;0;0;47;1;1;2.10291481;32.70000076;3.487375021
600;1;1;0;31;1;1;1.386294365;11.10000038;2.406945229
601;1;0;3;43;0;1;0.632522583;22.39500046;3.108837843
602;1;1;1;33;1;1;0.905241072;17.01999855;2.834388971
603;1;0;2;42;1;1;1.495027423;27.5;3.314186096
604;1;0;3;40;1;1;2.001807213;15.90000057;2.766319036
605;1;0;1;53;1;1;0.121602401;40;3.68887949
606;1;0;2;36;0;0;1.553267717;27.87199974;3.327622652
607;1;0;2;46;0;0;1.098612309;16;2.77258873
608;1;1;2;36;0;0;0.485507816;5.315000057;1.670533061
609;1;0;0;53;0;0;0.202524468;27.19999886;3.303216934
610;1;0;1;51;0;0;0.894311786;13.73200035;2.619728804
611;1;0;2;41;1;1;1.480605245;11.99999905;2.484906673
612;1;0;0;49;1;1;2.130896807;19.5;2.9704144
613;1;0;0;58;0;1;1.892132401;16;2.77258873
614;1;0;0;50;0;1;1.491654992;16.99999809;2.833213329
615;1;1;2;33;0;1;1.203972697;20.71999931;3.031099319
616;1;1;0;36;1;1;1.83258152;17;2.833213329
617;1;0;2;39;0;0;0.782759368;26.14999962;3.263849258
618;1;0;1;47;0;0;0.941608667;20.85000038;3.037353992
619;1;0;1;45;0;0;0.724399745;23.55999947;3.159550428
620;1;0;1;38;1;0;2.143980026;21.29999924;3.058706999
621;1;0;2;34;0;0;1.193501472;19.20499992;2.955170631
622;1;0;0;55;0;0;1.648658633;17.3239994;2.852092743
623;1;1;2;31;0;0;0.616186261;15.5;2.740839958
624;1;0;4;35;0;0;1.540445089;18.39999962;2.912350655
625;1;0;1;54;1;0;0.864858508;16.1420002;2.781424522
626;1;1;0;33;0;0;1.290984273;11.79999924;2.468099356
627;1;0;3;45;1;1;-0.960626483;23.67499924;3.164419651
628;1;0;2;35;0;0;-1.822530866;17.89999962;2.884800673
629;1;0;0;47;1;0;2.288598776;22;3.091042519
630;1;1;1;31;1;0;1.689480662;14.49999905;2.67414856
631;1;0;2;43;0;1;1.47895813;10.89999962;2.388762712
632;1;0;0;41;0;0;1.075343966;9.619999886;2.263844252
633;1;0;3;54;1;1;1.016289234;34.59999847;3.543853521
634;1;0;0;47;0;0;1.350992799;22.29999924;3.104586601
635;1;1;3;38;1;1;1.299283028;91;4.510859489
636;1;0;2;45;0;0;1.791759491;17.77400017;2.877736807
637;1;0;0;49;0;1;1.406497121;16.14999962;2.781919956
638;1;0;0;49;0;0;-0.693147182;14.7489996;2.691175222
639;1;0;3;46;0;0;1.760260701;43;3.76120019
640;1;0;0;47;1;1;1.375156641;46;3.828641415
641;1;0;1;45;1;1;1.531155109;23.69999886;3.165474892
642;1;0;0;55;1;1;1.504077435;14.30000019;2.660259485
643;1;2;0;31;1;1;2.230264425;14.24499989;2.656405926
644;1;0;4;36;0;1;0.287681848;25.20000076;3.226844072
645;1;0;1;44;0;0;1.224175692;17.66899872;2.871811628
646;1;0;3;47;0;1;1.17288208;20.88599968;3.039078951
647;1;0;0;46;0;0;1.386294365;8.119999886;2.094330072
648;1;0;3;33;1;1;0.328504115;21;3.044522524
649;1;0;2;42;0;0;1.321755886;17.04999924;2.836150169
650;1;0;1;48;1;1;1.654900193;70.75;4.259152412
651;1;1;2;47;0;1;0.878338397;20.98899841;3.04399848
652;1;0;1;36;0;0;1.058430433;25.61200142;3.243061066
653;1;0;1;37;0;0;0.42822215;10.87699986;2.386650562
654;1;0;2;34;1;1;0.884307921;26;3.258096457
655;1;0;0;47;0;1;0.901401997;20.70000076;3.030133724
656;1;0;2;32;1;1;0.555900335;26.30000114;3.26956892
657;1;0;1;45;0;0;1.580688596;23.79999924;3.169685602
658;1;0;1;45;0;0;1.028208733;12.82499981;2.55139637
659;1;0;4;31;0;1;-0.336472303;19.62999916;2.977058887
660;1;0;2;48;0;0;-0.693147182;28.70000076;3.356897116
661;1;1;2;33;0;1;0.114815995;30.2349987;3.409000158
662;1;2;0;33;0;0;0.510825813;17.09000015;2.838493586
663;1;0;2;44;0;1;1.568318367;18.23899841;2.903562069
664;1;1;3;39;0;0;0.347431988;13.63199997;2.612420082
665;1;0;1;46;1;1;1.658628225;45.75;3.823191881
666;1;0;2;46;0;0;0.993251801;10.55000019;2.356125832
667;1;0;0;59;1;1;1.129864812;10.5;2.351375341
668;1;0;1;54;1;1;2.120263577;20.95000076;3.042138577
669;1;0;0;51;0;0;0.486362249;2.133999825;0.757998049
670;1;0;0;56;1;1;1.26584816;24.70000076;3.206803322
671;1;0;1;50;0;0;1.073674202;17.69499969;2.873282194
672;1;0;0;60;1;0;0;12.14999962;2.497329235
673;1;0;0;50;0;0;-0.150572777;12.08500004;2.491965055
674;1;0;0;58;0;1;0.938195467;32.34999847;3.476613998
675;1;2;2;32;1;1;0;13.66499996;2.614837885
676;1;0;0;49;1;1;1.087672353;8.600000381;2.151762247
677;1;0;2;32;0;0;-1.029619336;18.10000038;2.895911932
678;1;0;1;48;0;0;1.605808139;10.65999985;2.36649847
679;1;0;1;31;0;0;1.467070818;8.119998932;2.094330072
680;1;2;4;34;0;0;2.107018232;10.19999981;2.322387695
681;1;0;0;58;0;0;1.64186275;12.14999962;2.497329235
682;1;0;0;52;0;0;1.30173707;26.7519989;3.286609173
683;1;0;0;33;0;1;1.744991541;11.90000057;2.47653842
684;1;0;1;51;0;0;1.321755886;18;2.890371799
685;1;0;3;41;0;0;1.123930097;21.21700096;3.054802895
686;1;0;0;34;0;0;1.070441484;15.5;2.740839958
687;1;0;2;46;1;1;1.937942028;17.39999962;2.856470108
688;1;0;0;36;0;0;1.27901113;12.42000008;2.51930809
689;1;0;4;41;0;0;2.479321957;6.950001717;1.938741922
690;1;0;0;47;0;0;1.83258152;11.81000042;2.468946695
691;1;0;0;48;0;0;0.999672234;10.50000095;2.351375341
692;1;0;4;43;0;0;1.262813091;15.05000114;2.711378098
693;1;0;3;40;1;1;1.481604576;28.5;3.34990406
694;1;0;2;39;0;0;0.762140036;12.38700008;2.516647577
695;1;0;0;55;1;1;1.525849581;19.38499832;2.964499474
696;1;0;0;34;1;1;2.084545612;20.79999924;3.034952879
697;1;0;0;55;1;1;2.265445471;13.99999905;2.639057159
698;1;0;0;31;1;1;1.397164106;12.5;2.525728703
699;1;0;0;52;0;0;0.629234076;7.999999523;2.079441547
700;1;0;0;52;0;0;0.470003635;9.5;2.251291752
701;1;0;8;37;0;0;0.162519276;16.25799942;2.788584948
702;1;0;0;58;0;0;0.094310619;14.5;2.67414856
703;1;0;1;46;0;0;0.828488469;27.31399918;3.307399273
704;1;0;2;30;0;0;0.969831526;6.35199976;1.848769665
705;1;0;0;51;0;1;0.82098043;16.65000153;2.812410355
706;1;0;0;45;0;0;1.519857287;7.141999722;1.965992808
707;1;0;2;48;1;1;0.701140702;21.15499878;3.051876307
708;1;0;2;34;0;0;1.244794726;5;1.609437943
709;1;0;3;30;0;0;0.693147182;14.13000011;2.648300171
710;1;0;2;48;0;0;1.512376189;19.99399948;2.995432138
711;1;1;2;31;1;1;0.945033312;22.5;3.113515377
712;1;0;0;57;0;0;1.365931749;22;3.091042519
713;1;1;2;30;0;1;0.985283434;15.51000023;2.74148488
714;1;0;0;30;1;1;2.683165789;17.49999619;2.862200737
715;1;0;0;51;1;0;1.726036191;14.59399986;2.680610418
716;1;0;1;46;0;0;1.51185751;11.38400078;2.432209015
717;1;0;0;46;0;1;0.865122497;10.31999969;2.334083796
718;1;0;1;42;0;0;0.901691914;14.1970005;2.653030634
719;1;0;3;45;1;1;1.336795211;16.73399925;2.817442417
720;1;0;1;51;0;0;1.272965789;17.09999847;2.839078426
721;1;0;2;36;1;1;1.766623616;13.59999943;2.610069752
722;1;0;0;59;1;1;0.899761319;16.75;2.818398237
723;1;0;0;50;0;0;0.430783242;5.118999481;1.632959008
724;1;0;0;42;0;0;1.769352317;15.69999981;2.753660679
725;1;1;0;31;1;1;1.981819987;15.09999943;2.714694738
726;1;0;3;32;0;1;1.553267717;17;2.833213329
727;1;0;0;59;0;1;1.386294365;16;2.77258873
728;1;0;2;43;1;1;1.331806183;27.35000038;3.308716536
729;1;1;1;31;0;0;0.767547488;8.274999619;2.113238811
730;1;0;0;45;0;1;1.178655028;9.56000042;2.257587671
731;1;0;0;48;1;1;1.178655028;17.47900009;2.861000061
732;1;0;0;30;0;0;1.272965789;8.089999199;2.090628624
733;1;0;2;42;1;1;1.254245281;22.65499878;3.12038064
734;1;0;4;35;0;0;2.021927595;10.30000019;2.332144022
735;1;0;0;45;0;0;0.693147182;14.10000038;2.646174908
736;1;0;5;39;0;0;1.643839359;15.83899975;2.762475252
737;1;0;2;43;0;0;1.167605281;14.09999943;2.646174669
738;1;0;3;35;0;0;0.298044682;17.53100014;2.863970757
739;1;0;1;43;0;1;1.302818656;24.63100052;3.204005718
740;1;0;2;43;0;0;0.818369091;14.60000038;2.681021452
741;1;1;2;30;0;1;0.733969033;15;2.708050251
742;1;0;1;42;0;1;1.52428019;19.69999886;2.980618477
743;1;0;1;33;0;0;1.401915669;24.30000114;3.190476418
744;1;0;2;39;0;0;1.544899344;12.92500019;2.559163332
745;1;0;2;48;0;0;0.754336357;17.30500031;2.850995541
746;1;0;0;54;0;0;2.059638739;10.90000057;2.388762951
747;1;0;2;37;1;0;2.120263577;9.152000427;2.213972569
748;1;0;0;54;0;0;1.556485534;9.859000206;2.288384676
749;1;1;2;31;1;0;1.52428019;20.10000038;3.000719786
750;1;0;3;34;0;0;0.092115059;6.800000191;1.916922688
751;1;1;3;35;0;0;1.514127851;12.03999901;2.488234282
752;1;0;2;30;0;0;0.328504115;19.5;2.9704144
753;1;1;0;32;0;0;1.210164666;10.9100008;2.389679909
